Date,FWONA,NWL,WDAY,^GSPC
2023-09-01,61.220001220703125,9.534668922424316,248.49000549316406,4515.77001953125
2023-09-05,59.279998779296875,9.071734428405762,247.2100067138672,4496.830078125
2023-09-06,60.0,8.858070373535156,248.41000366210938,4465.47998046875
2023-09-07,59.689998626708984,9.045025825500488,250.47000122070312,4451.14013671875
2023-09-08,58.88999938964844,8.849167823791504,250.6300048828125,4457.490234375
2023-09-11,59.20000076293945,8.315014839172363,252.2100067138672,4487.4599609375
2023-09-12,59.47999954223633,8.599896430969238,247.72999572753906,4461.89990234375
2023-09-13,58.75,8.386234283447266,245.19000244140625,4467.43994140625
2023-09-14,59.97999954223633,8.653311729431152,245.0800018310547,4505.10009765625
2023-09-15,59.029998779296875,8.448552131652832,240.86000061035156,4450.31982421875
2023-09-18,60.7599983215332,8.448552131652832,244.3300018310547,4453.52978515625
2023-09-19,60.220001220703125,8.582091331481934,243.10000610351562,4443.9501953125
2023-09-20,59.209999084472656,8.46635913848877,237.8000030517578,4402.2001953125
2023-09-21,56.810001373291016,8.074642181396484,230.1699981689453,4330.0
2023-09-22,56.68000030517578,7.98561954498291,230.82000732421875,4320.06005859375
2023-09-25,56.58000183105469,7.825370788574219,231.58999633789062,4337.43994140625
2023-09-26,55.369998931884766,7.665124893188477,229.24000549316406,4273.52978515625
2023-09-27,55.459999084472656,7.718541145324707,230.80999755859375,4274.509765625
2023-09-28,56.040000915527344,7.745247840881348,211.22000122070312,4299.7001953125
2023-09-29,56.540000915527344,8.039031982421875,214.85000610351562,4288.0498046875
2023-10-02,61.83000183105469,7.709639072418213,213.66000366210938,4288.39013671875
2023-10-03,59.63999938964844,7.14877462387085,207.3000030517578,4229.4501953125
2023-10-04,60.47999954223633,7.059749603271484,209.3699951171875,4263.75
2023-10-05,60.34000015258789,6.757061958312988,205.13999938964844,4258.18994140625
2023-10-06,62.529998779296875,6.579009532928467,213.6300048828125,4308.5
2023-10-09,62.66999816894531,6.347543239593506,217.75,4335.66015625
2023-10-10,61.79999923706055,6.40095853805542,220.9199981689453,4358.240234375
2023-10-11,61.70000076293945,6.303030014038086,222.0,4376.9501953125
2023-10-12,59.869998931884766,6.044855117797852,215.75,4349.60986328125
2023-10-13,59.720001220703125,6.044855117797852,214.88999938964844,4327.77978515625
2023-10-16,61.099998474121094,6.124978065490723,215.6199951171875,4373.6298828125
2023-10-17,62.869998931884766,6.392055034637451,218.07000732421875,4373.2001953125
2023-10-18,61.56999969482422,6.320835113525391,214.61000061035156,4314.60009765625
2023-10-19,60.380001068115234,6.258516311645508,213.25999450683594,4278.0
2023-10-20,59.29999923706055,6.205101013183594,211.16000366210938,4224.16015625
2023-10-23,59.790000915527344,6.035951137542725,209.5800018310547,4217.0400390625
2023-10-24,60.060001373291016,6.3653483390808105,212.3699951171875,4247.68017578125
2023-10-25,57.650001525878906,6.409860610961914,207.2100067138672,4186.77001953125
2023-10-26,56.81999969482422,6.579009532928467,205.97999572753906,4137.22998046875
2023-10-27,56.72999954223633,5.9291205406188965,206.00999450683594,4117.3701171875
2023-10-30,57.47999954223633,6.240711212158203,207.1999969482422,4166.81982421875
2023-10-31,57.54999923706055,5.982536792755127,211.7100067138672,4193.7998046875
2023-11-01,57.7400016784668,5.893510341644287,211.4600067138672,4237.85986328125
2023-11-02,58.66999816894531,6.053757190704346,212.9199981689453,4317.77978515625
2023-11-03,58.04999923706055,6.16058874130249,218.41000366210938,4358.33984375
2023-11-06,57.40999984741211,6.267419815063477,218.38999938964844,4365.97998046875
2023-11-07,56.91999816894531,6.142783164978027,221.4499969482422,4378.3798828125
2023-11-08,58.16999816894531,6.098269939422607,222.60000610351562,4382.77978515625
2023-11-09,58.349998474121094,5.982536792755127,225.4499969482422,4347.35009765625
2023-11-10,60.58000183105469,6.089367389678955,230.00999450683594,4415.240234375
2023-11-13,59.02000045776367,5.938023567199707,226.3000030517578,4411.5498046875
2023-11-14,58.900001525878906,6.552301406860352,232.4199981689453,4495.7001953125
2023-11-15,57.439998626708984,6.8193793296813965,231.50999450683594,4502.8798828125
2023-11-16,57.150001525878906,6.59681510925293,231.9499969482422,4508.240234375
2023-11-17,57.689998626708984,6.721451282501221,231.66000366210938,4514.02001953125
2023-11-20,59.150001525878906,6.6858415603637695,237.02000427246094,4547.3798828125
2023-11-21,58.189998626708984,6.543399810791016,236.67999267578125,4538.18994140625
2023-11-22,58.91999816894531,6.6858415603637695,234.25999450683594,4556.6201171875
2023-11-24,59.400001525878906,6.668035984039307,236.61000061035156,4559.33984375
2023-11-27,59.31999969482422,6.614619731903076,235.8300018310547,4550.43017578125
2023-11-28,58.47999954223633,6.757061958312988,237.3300018310547,4554.89013671875
2023-11-29,57.20000076293945,6.900828838348389,263.489990234375,4550.580078125
2023-11-30,57.33000183105469,6.855902194976807,270.7200012207031,4567.7998046875
2023-12-01,57.279998779296875,7.287202835083008,272.9200134277344,4594.6298828125
2023-12-04,56.439998626708984,7.404014587402344,269.2200012207031,4569.77978515625
2023-12-05,56.220001220703125,7.188363552093506,267.760009765625,4567.18017578125
2023-12-06,56.060001373291016,7.395028591156006,267.32000732421875,4549.33984375
2023-12-07,56.20000076293945,7.547781467437744,272.3800048828125,4585.58984375
2023-12-08,57.16999816894531,7.565752029418945,273.4100036621094,4604.3701171875
2023-12-11,57.43000030517578,7.466912746429443,276.1099853515625,4622.43994140625
2023-12-12,57.720001220703125,7.260246753692627,276.75,4643.7001953125
2023-12-13,57.290000915527344,7.682562828063965,278.67999267578125,4707.08984375
2023-12-14,57.939998626708984,8.068937301635742,270.7799987792969,4719.5498046875
2023-12-15,58.630001068115234,7.862271785736084,272.70001220703125,4719.18994140625
2023-12-18,58.560001373291016,7.67357873916626,272.75,4740.56005859375
2023-12-19,59.880001068115234,7.952129364013672,273.9800109863281,4768.3701171875
2023-12-20,58.79999923706055,7.646623134613037,270.1499938964844,4698.35009765625
2023-12-21,59.130001068115234,7.808359146118164,272.8999938964844,4746.75
2023-12-22,58.9900016784668,7.6915483474731445,272.57000732421875,4754.6298828125
2023-12-26,57.56999969482422,7.817343711853027,273.9700012207031,4774.75
2023-12-27,57.900001525878906,7.826330184936523,273.70001220703125,4781.580078125
2023-12-28,58.290000915527344,7.925171852111816,276.0799865722656,4783.35009765625
2023-12-29,57.97999954223633,7.799374580383301,276.05999755859375,4769.830078125
2024-01-02,57.16999816894531,7.853285789489746,268.2799987792969,4742.830078125
2024-01-03,56.560001373291016,7.511838912963867,268.4100036621094,4704.81005859375
2024-01-04,56.2599983215332,7.493869304656982,267.0799865722656,4688.68017578125
2024-01-05,56.439998626708984,7.556766986846924,265.79998779296875,4697.240234375
2024-01-08,57.040000915527344,7.682562828063965,272.94000244140625,4763.5400390625
2024-01-09,56.599998474121094,8.059953689575195,275.82000732421875,4756.5
2024-01-10,56.63999938964844,7.988069534301758,276.80999755859375,4783.4501953125
2024-01-11,56.41999816894531,7.862271785736084,278.9700012207031,4780.240234375
2024-01-12,57.52000045776367,7.628651142120361,283.239990234375,4783.830078125
2024-01-16,56.970001220703125,7.421986103057861,280.8900146484375,4765.97998046875
2024-01-17,56.810001373291016,7.287202835083008,281.32000732421875,4739.2099609375
2024-01-18,56.689998626708984,7.215319633483887,285.67999267578125,4780.93994140625
2024-01-19,56.7599983215332,7.323144912719727,289.989990234375,4839.81005859375
2024-01-22,57.029998779296875,7.601694107055664,289.8800048828125,4850.43017578125
2024-01-23,60.939998626708984,7.511838912963867,291.32000732421875,4864.60009765625
2024-01-24,61.61000061035156,7.457927227020264,295.5,4868.5498046875
2024-01-25,61.47999954223633,7.664592266082764,292.3599853515625,4894.16015625
2024-01-26,61.45000076293945,7.808359146118164,288.6300048828125,4890.97021484375
2024-01-29,61.52000045776367,7.853285789489746,296.7300109863281,4927.93017578125
2024-01-30,61.56999969482422,7.718505382537842,294.8599853515625,4924.97021484375
2024-01-31,61.09000015258789,7.475898265838623,291.07000732421875,4845.64990234375
2024-02-01,61.130001068115234,7.610680103302002,294.0,4906.18994140625
2024-02-02,59.849998474121094,7.475898265838623,294.739990234375,4958.60986328125
2024-02-05,58.97999954223633,7.269233226776123,291.7300109863281,4942.81005859375
2024-02-06,59.41999816894531,7.242276668548584,288.6300048828125,4954.22998046875
2024-02-07,59.2400016784668,7.116479873657227,294.4200134277344,4995.06005859375
2024-02-08,59.38999938964844,7.592708587646484,298.6499938964844,4997.91015625
2024-02-09,60.16999816894531,6.155036926269531,304.8900146484375,5026.60986328125
2024-02-12,61.189998626708984,6.55039644241333,299.0899963378906,5021.83984375
2024-02-13,59.220001220703125,6.61329460144043,296.75,4953.169921875
2024-02-14,60.65999984741211,6.837930679321289,302.239990234375,5000.6201171875
2024-02-15,61.880001068115234,7.188363552093506,305.0899963378906,5029.72998046875
2024-02-16,62.59000015258789,6.891842842102051,302.6700134277344,5005.56982421875
2024-02-20,61.029998779296875,7.008655548095703,301.9800109863281,4975.509765625
2024-02-21,61.08000183105469,6.846916198730469,298.9599914550781,4981.7998046875
2024-02-22,61.27000045776367,6.757061958312988,306.6199951171875,5087.02978515625
2024-02-23,61.84000015258789,6.514453887939453,305.8800048828125,5088.7998046875
2024-02-26,61.349998474121094,6.4335856437683105,307.2099914550781,5069.52978515625
2024-02-27,62.15999984741211,6.61329460144043,295.04998779296875,5078.18017578125
2024-02-28,62.810001373291016,6.622365951538086,295.1600036621094,5069.759765625
2024-02-29,65.55000305175781,6.8038010597229,294.6600036621094,5096.27001953125
2024-03-01,65.94000244140625,6.8491597175598145,291.9200134277344,5137.080078125
2024-03-04,66.33000183105469,6.8491597175598145,273.0199890136719,5130.9501953125
2024-03-05,65.23999786376953,6.740298748016357,266.739990234375,5078.64990234375
2024-03-06,63.439998626708984,6.776585102081299,266.92999267578125,5104.759765625
2024-03-07,63.9900016784668,7.012450695037842,264.739990234375,5157.35986328125
2024-03-08,63.959999084472656,7.130383014678955,264.32000732421875,5123.68994140625
2024-03-11,64.02999877929688,6.8763747215271,266.7200012207031,5117.93994140625
2024-03-12,63.61000061035156,6.948948860168457,271.2099914550781,5175.27001953125
2024-03-13,62.54999923706055,7.103167533874512,269.7300109863281,5165.31005859375
2024-03-14,61.810001373291016,7.003378391265869,272.0400085449219,5150.47998046875
2024-03-15,60.849998474121094,7.420679569244385,268.2699890136719,5117.08984375
2024-03-18,59.59000015258789,6.948948860168457,272.6000061035156,5149.419921875
2024-03-19,60.029998779296875,6.903590679168701,273.239990234375,5178.509765625
2024-03-20,59.97999954223633,7.0668816566467285,276.4100036621094,5224.6201171875
2024-03-21,59.65999984741211,6.985235214233398,276.489990234375,5241.52978515625
2024-03-22,59.220001220703125,6.948948860168457,277.5,5234.18017578125
2024-03-25,59.540000915527344,6.9761643409729,275.67999267578125,5218.18994140625
2024-03-26,60.290000915527344,6.713083267211914,277.3800048828125,5203.580078125
2024-03-27,59.70000076293945,7.139455795288086,273.6199951171875,5248.490234375
2024-03-28,58.7400016784668,7.28460168838501,272.75,5254.35009765625
2024-04-01,58.599998474121094,7.112240314483643,272.44000244140625,5243.77001953125
2024-04-02,59.25,6.89451789855957,271.6600036621094,5205.81005859375
2024-04-03,59.7599983215332,6.840087890625,268.8299865722656,5211.490234375
2024-04-04,59.95000076293945,6.7584428787231445,269.0799865722656,5147.2099609375
2024-04-05,60.84000015258789,6.558863639831543,268.32000732421875,5204.33984375
2024-04-08,61.560001373291016,6.7584428787231445,268.6099853515625,5202.39013671875
2024-04-09,61.22999954223633,6.903590679168701,271.1000061035156,5209.91015625
2024-04-10,59.689998626708984,6.649581432342529,266.8599853515625,5160.64013671875
2024-04-11,61.22999954223633,6.704011917114258,268.4700012207031,5199.06005859375
2024-04-12,59.4900016784668,6.459074974060059,263.69000244140625,5123.41015625
2024-04-15,60.130001068115234,6.4500041007995605,259.6300048828125,5061.81982421875
2024-04-16,60.040000915527344,6.304855823516846,257.69000244140625,5051.41015625
2024-04-17,59.65999984741211,6.286712169647217,257.0199890136719,5022.2099609375
2024-04-18,59.65999984741211,6.268568515777588,255.63999938964844,5011.1201171875
2024-04-19,60.529998779296875,6.241353511810303,252.22000122070312,4967.22998046875
2024-04-22,61.130001068115234,6.295783996582031,253.52999877929688,5010.60009765625
2024-04-23,62.349998474121094,6.468146800994873,256.82000732421875,5070.5498046875
2024-04-24,61.689998626708984,6.386501312255859,255.74000549316406,5071.6298828125
2024-04-25,61.38999938964844,6.295783996582031,254.05999755859375,5048.419921875
2024-04-26,61.630001068115234,7.0668816566467285,251.0399932861328,5099.9599609375
2024-04-29,62.27000045776367,7.302746772766113,248.77000427246094,5116.169921875
2024-04-30,62.27000045776367,7.2029571533203125,244.72999572753906,5035.68994140625
2024-05-01,63.0099983215332,7.030593395233154,244.9600067138672,5018.39013671875
2024-05-02,63.119998931884766,6.930805206298828,250.85000610351562,5064.2001953125
2024-05-03,62.88999938964844,6.948948860168457,255.77999877929688,5127.7900390625
2024-05-06,62.95000076293945,7.057809352874756,249.91000366210938,5180.740234375
2024-05-07,64.30999755859375,7.221100330352783,249.42999267578125,5187.7001953125
2024-05-08,64.26000213623047,7.302746772766113,249.6300048828125,5187.669921875
2024-05-09,63.66999816894531,7.466037273406982,245.9600067138672,5214.080078125
2024-05-10,62.63999938964844,7.339033126831055,246.33999633789062,5222.68017578125
2024-05-13,61.779998779296875,7.475109577178955,247.0800018310547,5221.419921875
2024-05-14,62.70000076293945,7.901479721069336,246.8800048828125,5246.68017578125
2024-05-15,63.2599983215332,7.6111860275268555,251.30999755859375,5308.14990234375
2024-05-16,65.0,7.593040943145752,256.57000732421875,5297.10009765625
2024-05-17,65.81999969482422,7.357176303863525,257.92999267578125,5303.27001953125
2024-05-20,66.08000183105469,7.456965923309326,259.5,5308.1298828125
2024-05-21,66.41000366210938,7.456965923309326,258.8599853515625,5321.41015625
2024-05-22,65.83000183105469,7.239243984222412,259.8800048828125,5307.009765625
2024-05-23,65.0,7.121311664581299,260.8999938964844,5267.83984375
2024-05-24,65.69000244140625,7.130383014678955,220.91000366210938,5304.72021484375
2024-05-28,66.47000122070312,6.994307518005371,215.44000244140625,5306.0400390625
2024-05-29,66.94999694824219,6.685868740081787,211.5800018310547,5266.9501953125
2024-05-30,67.87000274658203,6.776585102081299,207.44000244140625,5235.47998046875
2024-05-31,68.41000366210938,7.069627285003662,211.4499969482422,5277.509765625
2024-06-03,69.69999694824219,6.99636697769165,210.8300018310547,5283.39990234375
2024-06-04,68.7300033569336,6.868160724639893,211.1199951171875,5291.33984375
2024-06-05,68.1500015258789,6.840688228607178,212.4600067138672,5354.02978515625
2024-06-06,65.56999969482422,6.831530570983887,214.9499969482422,5352.9599609375
2024-06-07,65.5,6.749112606048584,215.55999755859375,5346.990234375
2024-06-10,65.4000015258789,6.758270263671875,212.72999572753906,5360.7900390625
2024-06-11,65.12999725341797,6.749112606048584,214.1300048828125,5375.31982421875
2024-06-12,64.7699966430664,6.739956378936768,210.92999267578125,5421.02978515625
2024-06-13,64.70999908447266,6.446914196014404,207.0800018310547,5433.740234375
2024-06-14,65.43000030517578,6.382810592651367,209.47999572753906,5431.60009765625
2024-06-17,66.0199966430664,6.208817481994629,212.4600067138672,5473.22998046875
2024-06-18,66.04000091552734,6.062296390533447,207.69000244140625,5487.02978515625
2024-06-20,65.56999969482422,5.979879856109619,214.58999633789062,5473.169921875
2024-06-21,65.37000274658203,6.135556221008301,219.08999633789062,5464.6201171875
2024-06-24,64.83000183105469,6.117242813110352,218.6999969482422,5447.8701171875
2024-06-25,65.5999984741211,5.824200630187988,217.3800048828125,5469.2998046875
2024-06-26,64.91000366210938,5.842515468597412,216.77999877929688,5477.89990234375
2024-06-27,64.94999694824219,5.750940799713135,223.36000061035156,5482.8701171875
2024-06-28,64.2300033569336,5.869988441467285,223.55999755859375,5460.47998046875
2024-07-01,63.2599983215332,5.796727657318115,224.72000122070312,5475.08984375
2024-07-02,64.62999725341797,5.7692551612854,226.75999450683594,5509.009765625
2024-07-03,65.11000061035156,5.741782188415527,225.5500030517578,5537.02001953125
2024-07-05,64.77999877929688,5.549474239349365,229.1300048828125,5567.18994140625
2024-07-08,65.91999816894531,5.641049861907959,226.5399932861328,5572.85009765625
2024-07-09,65.47000122070312,5.256432056427002,223.08999633789062,5576.97998046875
2024-07-10,66.27999877929688,5.247275352478027,223.0800018310547,5633.91015625
2024-07-11,66.80999755859375,5.567789077758789,226.80999755859375,5584.5400390625
2024-07-12,68.62000274658203,5.6959943771362305,230.02000427246094,5615.35009765625
2024-07-15,70.16999816894531,5.750940799713135,232.47000122070312,5631.22021484375
2024-07-16,71.83000183105469,6.098926544189453,235.6300048828125,5667.2001953125
2024-07-17,70.3499984741211,6.172187328338623,231.6300048828125,5588.27001953125
2024-07-18,70.91999816894531,5.979879856109619,230.5800018310547,5544.58984375
2024-07-19,71.94000244140625,5.869988441467285,227.49000549316406,5505.0
2024-07-22,72.12999725341797,5.879145622253418,228.99000549316406,5564.41015625
2024-07-23,73.66999816894531,5.778412818908691,226.0399932861328,5555.740234375
2024-07-24,72.86000061035156,5.7692551612854,220.52000427246094,5427.1298828125
2024-07-25,72.22000122070312,5.8058857917785645,227.0800018310547,5399.22021484375
2024-07-26,73.80999755859375,8.159374237060547,228.63999938964844,5459.10009765625
2024-07-29,74.04000091552734,8.058643341064453,227.1300048828125,5463.5400390625
2024-07-30,74.52999877929688,7.994539260864258,226.47999572753906,5436.43994140625
2024-07-31,73.97000122070312,7.866333484649658,227.1199951171875,5522.2998046875
2024-08-01,71.54000091552734,7.646553039550781,222.5800018310547,5446.68017578125
2024-08-02,70.55000305175781,7.545819282531738,214.86000061035156,5346.56005859375
2024-08-05,69.1500015258789,7.344354152679443,207.75,5186.330078125
2024-08-06,69.80000305175781,6.9505791664123535,211.25,5240.02978515625
2024-08-07,70.66000366210938,6.611749172210693,210.2100067138672,5199.5
2024-08-08,67.4000015258789,6.767428398132324,212.17999267578125,5319.31005859375
2024-08-09,67.37000274658203,6.492702007293701,211.9499969482422,5344.16015625
2024-08-12,68.30000305175781,6.263763427734375,210.57000732421875,5344.39013671875
2024-08-13,69.66999816894531,6.520174026489258,216.38999938964844,5434.43017578125
2024-08-14,70.08000183105469,6.346181392669678,222.83999633789062,5455.2099609375
2024-08-15,69.8499984741211,6.712482929229736,231.55999755859375,5543.22021484375
2024-08-16,70.22000122070312,6.712482929229736,231.74000549316406,5554.25
2024-08-19,71.69000244140625,6.776585102081299,232.6300048828125,5608.25
2024-08-20,72.26000213623047,6.721639633178711,232.4600067138672,5597.1201171875
2024-08-21,70.97000122070312,6.804058074951172,233.50999450683594,5620.85009765625
2024-08-22,70.1500015258789,6.685009956359863,231.0800018310547,5570.64013671875
2024-08-23,70.44000244140625,6.776585102081299,259.95001220703125,5634.60986328125
2024-08-26,69.79000091552734,6.639223098754883,260.3699951171875,5616.83984375
2024-08-27,69.9800033569336,6.538488864898682,264.67999267578125,5625.7998046875
2024-08-28,69.77999877929688,6.529332637786865,260.29998779296875,5592.18017578125
2024-08-29,70.2300033569336,6.630064487457275,262.3599853515625,5591.9599609375
2024-08-30,70.62000274658203,6.556089878082275,263.19000244140625,5648.39990234375
2024-09-03,69.73999786376953,6.676299571990967,260.32000732421875,5528.93017578125
2024-09-04,70.37000274658203,6.962954998016357,258.6000061035156,5520.06982421875
2024-09-05,69.86000061035156,7.027683734893799,255.7899932861328,5503.41015625
2024-09-06,69.62000274658203,7.036931037902832,254.60000610351562,5408.419921875
2024-09-09,69.18000030517578,6.565336227416992,253.52000427246094,5471.0498046875
2024-09-10,69.66999816894531,6.546842575073242,255.5800018310547,5495.52001953125
2024-09-11,69.36000061035156,6.741028785705566,255.6199951171875,5554.1298828125
2024-09-12,69.76000213623047,6.870485782623291,251.19000244140625,5595.759765625
2024-09-13,70.02999877929688,7.240363597869873,250.0500030517578,5626.02001953125
2024-09-16,72.04000091552734,7.147894382476807,249.2100067138672,5633.08984375
2024-09-17,71.98999786376953,6.907473564147949,248.1199951171875,5634.580078125
2024-09-18,71.63999938964844,6.778016090393066,248.47000122070312,5618.259765625
2024-09-19,72.80000305175781,6.916721343994141,247.42999267578125,5713.64013671875
2024-09-20,71.56999969482422,6.879732608795166,248.2899932861328,5702.5498046875
2024-09-23,70.98999786376953,6.704041004180908,245.02999877929688,5718.56982421875
2024-09-24,71.56999969482422,6.546842575073242,246.9499969482422,5732.93017578125
2024-09-25,70.94999694824219,6.491360187530518,243.3699951171875,5722.259765625
2024-09-26,71.91000366210938,6.907473564147949,245.42999267578125,5745.3701171875
2024-09-27,72.29000091552734,7.05542516708374,243.6199951171875,5738.169921875
2024-09-30,71.52999877929688,7.101659297943115,244.41000366210938,5762.47998046875
2024-10-01,70.37000274658203,6.962954998016357,240.66000366210938,5708.75
2024-10-02,70.86000061035156,6.935214519500732,237.14999389648438,5709.5400390625
2024-10-03,70.4000015258789,6.796510219573975,240.94000244140625,5699.93994140625
2024-10-04,71.02999877929688,6.916721343994141,242.35000610351562,5751.06982421875
2024-10-07,68.6500015258789,6.768769264221191,235.47000122070312,5695.93994140625
2024-10-08,69.18000030517578,6.796510219573975,239.47000122070312,5751.1298828125
2024-10-09,70.62999725341797,6.851991653442383,240.77000427246094,5792.0400390625
2024-10-10,71.13999938964844,6.944461345672607,245.16000366210938,5780.0498046875
2024-10-11,72.5,7.027683734893799,240.89999389648438,5815.02978515625
2024-10-14,72.87999725341797,6.907473564147949,242.47000122070312,5859.85009765625
2024-10-15,73.88999938964844,6.925966739654541,244.8300018310547,5815.259765625
2024-10-16,74.08999633789062,7.147894382476807,240.22000122070312,5842.47021484375
2024-10-17,74.26000213623047,7.101659297943115,243.27000427246094,5841.47021484375
2024-10-18,74.31999969482422,7.277350902557373,244.47999572753906,5864.669921875
2024-10-21,73.16000366210938,7.138647079467773,243.75,5853.97998046875
2024-10-22,73.95999908447266,6.962954998016357,246.75999450683594,5851.2001953125
2024-10-23,72.98999786376953,6.768769264221191,242.0399932861328,5797.419921875
2024-10-24,73.4800033569336,6.639312267303467,236.82000732421875,5809.85986328125
2024-10-25,73.4800033569336,8.072588920593262,237.7100067138672,5808.1201171875
2024-10-28,74.44999694824219,8.812346458435059,234.9499969482422,5823.52001953125
2024-10-29,75.1500015258789,8.313009262084961,238.6300048828125,5832.919921875
2024-10-30,74.70999908447266,8.294515609741211,238.27999877929688,5813.669921875
2024-10-31,74.23999786376953,8.137317657470703,233.85000610351562,5705.4501953125
2024-11-01,74.77999877929688,8.128071784973145,239.1199951171875,5728.7998046875
2024-11-04,74.02999877929688,8.081836700439453,241.13999938964844,5712.68994140625
2024-11-05,75.16999816894531,8.183554649353027,241.25,5782.759765625
2024-11-06,76.73999786376953,8.15581226348877,251.8000030517578,5929.0400390625
2024-11-07,73.98999786376953,8.423974990844727,257.9800109863281,5973.10009765625
2024-11-08,75.0,8.525691032409668,256.5400085449219,5995.5400390625
2024-11-11,75.30999755859375,8.618159294128418,264.1499938964844,6001.35009765625
2024-11-12,74.9800033569336,8.488700866699219,270.32000732421875,5983.990234375
2024-11-13,78.43000030517578,8.396233558654785,276.510009765625,5985.3798828125
2024-11-14,77.23999786376953,8.285269737243652,271.489990234375,5949.169921875
2024-11-15,74.33000183105469,8.137317657470703,259.4100036621094,5870.6201171875
2024-11-18,73.62999725341797,8.220541000366211,259.3599853515625,5893.6201171875
2024-11-19,74.30999755859375,8.15581226348877,259.8999938964844,5916.97998046875
2024-11-20,77.0,8.174306869506836,259.44000244140625,5917.10986328125
2024-11-21,78.1500015258789,8.266775131225586,268.07000732421875,5948.7099609375
2024-11-22,77.44999694824219,8.433220863342285,267.75,5969.33984375
2024-11-25,80.73999786376953,8.895567893981934,267.69000244140625,5987.3701171875
2024-11-26,80.51000213623047,8.6366548538208,270.19000244140625,6021.6298828125
2024-11-27,81.08999633789062,8.840088844299316,253.39999389648438,5998.740234375
2024-11-29,80.9000015258789,8.933238983154297,249.99000549316406,6032.3798828125
2024-12-02,81.22000122070312,9.091595649719238,251.4600067138672,6047.14990234375
2024-12-03,80.77999877929688,9.04502010345459,257.05999755859375,6049.8798828125
2024-12-04,83.48999786376953,9.389680862426758,268.8699951171875,6086.490234375
2024-12-05,84.72000122070312,9.249954223632812,262.70001220703125,6075.10986328125
2024-12-06,85.0,9.603930473327637,266.4200134277344,6090.27001953125
2024-12-09,82.62000274658203,10.721749305725098,279.9100036621094,6052.85009765625
2024-12-10,82.02999877929688,10.833531379699707,270.8800048828125,6034.91015625
2024-12-11,84.7300033569336,10.647229194641113,272.3599853515625,6084.18994140625
2024-12-12,85.66000366210938,10.665857315063477,274.82000732421875,6051.25
2024-12-13,85.75,10.255990982055664,273.6700134277344,6051.08984375
2024-12-16,86.18000030517578,10.097633361816406,278.3500061035156,6074.080078125
2024-12-17,85.5199966430664,9.78091812133789,278.010009765625,6050.60986328125
2024-12-18,83.6500015258789,9.436256408691406,268.92999267578125,5872.16015625
2024-12-19,85.16999816894531,9.231322288513184,266.8299865722656,5867.080078125
2024-12-20,85.27999877929688,9.33379077911377,273.0400085449219,5930.85009765625
2024-12-23,85.30000305175781,9.361736297607422,265.3900146484375,5974.06982421875
2024-12-24,85.62000274658203,9.473518371582031,269.0400085449219,6040.0400390625
2024-12-26,85.97000122070312,9.492146492004395,269.3800048828125,6037.58984375
2024-12-27,84.94000244140625,9.575984954833984,266.239990234375,5970.83984375
2024-12-30,85.12000274658203,9.315160751342773,262.0,5906.93994140625
2024-12-31,84.04000091552734,9.277898788452148,258.0299987792969,5881.6298828125
2025-01-02,83.33999633789062,9.296529769897461,251.83999633789062,5868.5498046875
2025-01-03,83.75,9.3058443069458,252.83999633789062,5942.47021484375
2025-01-06,84.20999908447266,9.473518371582031,254.13999938964844,5975.3798828125
2025-01-07,84.3499984741211,9.361736297607422,249.67999267578125,5909.02978515625
2025-01-08,85.56999969482422,9.166117668151855,254.69000244140625,5918.25
2025-01-10,83.56999969482422,9.091595649719238,249.7100067138672,5827.0400390625
2025-01-13,84.41000366210938,9.04502010345459,246.0,5836.22021484375
2025-01-14,84.58000183105469,9.194062232971191,246.02999877929688,5842.91015625
2025-01-15,83.2699966430664,9.296529769897461,248.57000732421875,5949.91015625
2025-01-16,82.08000183105469,9.464201927185059,250.6999969482422,5937.33984375
2025-01-17,83.27999877929688,9.426941871643066,249.63999938964844,5996.66015625
2025-01-21,82.87999725341797,9.53872299194336,250.72000122070312,6049.240234375
2025-01-22,82.9800033569336,9.464201927185059,253.47999572753906,6086.3701171875
2025-01-23,83.5999984741211,9.697080612182617,255.3000030517578,6118.7099609375
2025-01-24,84.66999816894531,9.929960250854492,258.2799987792969,6101.240234375
2025-01-27,85.47000122070312,9.864753723144531,264.20001220703125,6012.27978515625
2025-01-28,86.83999633789062,9.687766075134277,270.42999267578125,6067.7001953125
2025-01-29,86.70999908447266,9.585298538208008,265.3999938964844,6039.31005859375
2025-01-30,88.2699966430664,9.743656158447266,260.07000732421875,6071.169921875
2025-01-31,88.0199966430664,9.277898788452148,262.05999755859375,6040.52978515625
2025-02-03,88.27999877929688,8.933238983154297,259.7699890136719,5994.56982421875
2025-02-04,87.80000305175781,9.026390075683594,259.7300109863281,6037.8798828125
2025-02-05,87.9800033569336,9.035704612731934,276.1700134277344,6061.47998046875
2025-02-06,92.5199966430664,9.026390075683594,277.82000732421875,6083.56982421875
2025-02-07,92.72000122070312,6.641709327697754,271.8900146484375,6025.990234375
2025-02-10,92.0,6.529927730560303,269.8800048828125,6066.43994140625
2025-02-11,92.72000122070312,6.828011989593506,263.0,6068.5
2025-02-12,93.22000122070312,6.6044487953186035,257.9200134277344,6051.97021484375
2025-02-13,94.54000091552734,6.529927730560303,260.1300048828125,6115.06982421875
2025-02-14,92.1500015258789,6.576502323150635,258.04998779296875,6114.6298828125
2025-02-18,90.95999908447266,6.399515151977539,265.7200012207031,6129.580078125
2025-02-19,92.11000061035156,6.4554057121276855,261.1000061035156,6144.14990234375
2025-02-20,91.76000213623047,6.334309101104736,261.6300048828125,6117.52001953125
2025-02-21,90.2300033569336,6.334309101104736,256.3900146484375,6013.1298828125
2025-02-24,90.54000091552734,6.008277893066406,261.80999755859375,5983.25
2025-02-25,87.33999633789062,6.306363105773926,255.22000122070312,5955.25
2025-02-26,88.0,6.203896522521973,271.0899963378906,5956.06005859375
2025-02-27,84.01000213623047,5.9337568283081055,260.57000732421875,5861.56982421875
2025-02-28,89.12000274658203,6.046781063079834,263.3399963378906,5954.5
2025-03-03,86.5,5.905500888824463,254.57000732421875,5849.72021484375
2025-03-04,84.08999633789062,5.990269660949707,253.6300048828125,5778.14990234375
2025-03-05,86.05999755859375,6.301084518432617,259.6099853515625,5842.6298828125
2025-03-06,85.2699966430664,6.301084518432617,253.75999450683594,5738.52001953125
2025-03-07,82.27999877929688,6.3575968742370605,252.3800048828125,5770.2001953125
2025-03-10,77.95999908447266,6.338759422302246,243.0,5614.56005859375
2025-03-11,77.41999816894531,6.159804344177246,242.92999267578125,5572.06982421875
2025-03-12,77.16000366210938,6.197479248046875,241.6699981689453,5599.2998046875
2025-03-13,75.91000366210938,6.131548881530762,237.22000122070312,5521.52001953125
2025-03-14,78.08000183105469,6.169223785400391,244.1699981689453,5638.93994140625
2025-03-17,79.80000305175781,6.253991603851318,250.6199951171875,5675.1201171875
2025-03-18,80.05999755859375,6.131548881530762,251.91000366210938,5614.66015625
2025-03-19,80.83000183105469,6.178642272949219,252.5,5675.2900390625
2025-03-20,80.08000183105469,6.159804344177246,250.47000122070312,5662.89013671875
2025-03-21,78.68000030517578,6.075036525726318,249.49000549316406,5667.56005859375
2025-03-24,81.2699966430664,6.338759422302246,249.91000366210938,5767.56982421875
2025-03-25,81.6500015258789,6.197479248046875,252.8300018310547,5776.64990234375
2025-03-26,81.30999755859375,6.112711429595947,250.7899932861328,5712.2001953125
2025-03-27,81.0999984741211,6.131548881530762,244.5500030517578,5693.31005859375
2025-03-28,80.3499984741211,6.018524646759033,238.49000549316406,5580.93994140625
2025-03-31,81.47000122070312,5.839570045471191,233.52999877929688,5611.85009765625
2025-04-01,80.13999938964844,5.820733070373535,234.52999877929688,5633.06982421875
2025-04-02,81.83999633789062,5.905500888824463,235.38999938964844,5670.97021484375
2025-04-03,78.02999877929688,5.152007579803467,228.3300018310547,5396.52001953125
2025-04-04,72.69000244140625,4.822354316711426,217.13999938964844,5074.080078125
2025-04-07,71.22000122070312,4.605725288391113,215.32000732421875,5062.25
2025-04-08,71.68000030517578,4.219560623168945,210.47000122070312,4982.77001953125
2025-04-09,74.88999938964844,4.756424903869629,231.4199981689453,5456.89990234375
2025-04-10,71.4000015258789,4.285490989685059,224.74000549316406,5268.0498046875
2025-04-11,70.2300033569336,4.445608139038086,226.50999450683594,5363.35986328125
2025-04-14,71.69999694824219,4.699912071228027,232.33999633789062,5405.97021484375
